Date,Name,Year,Letterboxd URI,Rating,Rewatch,Tags,Watched Date
2023-05-19,The Last Dance,2020,https://boxd.it/4gpXKX,4.5,,,2022-06-20
2022-08-29,Thor: Love and Thunder,2022,https://boxd.it/3aTljR,2.5,,,2022-08-28
2022-08-29,Hustle,2022,https://boxd.it/3aTlRT,3.5,,,2022-08-28
2022-08-29,Doctor Strange in the Multiverse of Madness,2022,https://boxd.it/3aTmZp,1.5,,,2022-08-28
2022-08-29,Top Gun: Maverick,2022,https://boxd.it/3aTn61,4.5,,,2022-08-28
2022-08-29,Everything Everywhere All at Once,2022,https://boxd.it/3aTnbF,5,,,2022-08-28
2022-08-29,The Batman,2022,https://boxd.it/3aTnop,4,,,2022-08-28
2022-08-29,jeen-yuhs: A Kanye Trilogy,2022,https://boxd.it/3aTnsr,4,,,2022-08-28
2022-08-29,Spider-Man: No Way Home,2021,https://boxd.it/3aTnwN,4,,,2022-08-28
2022-08-29,Eternals,2021,https://boxd.it/3aTnAF,1.5,,,2022-08-28
2022-08-29,No Time to Die,2021,https://boxd.it/3aTnFv,4,,,2022-08-28
2022-08-29,Squid Game,2021,https://boxd.it/3aTnL9,2,,,2022-08-28
2022-08-29,The Guilty,2021,https://boxd.it/3aTnQ9,2.5,,,2022-08-28
2022-08-29,Shang-Chi and the Legend of the Ten Rings,2021,https://boxd.it/3aTnYx,2.5,,,2022-08-28
2022-08-29,Free Guy,2021,https://boxd.it/3aTo4F,3,,,2022-08-28
2022-08-29,Shang-Chi and the Legend of the Ten Rings,2021,https://boxd.it/3aTog7,2.5,Yes,,2022-08-28
2022-08-29,Free Guy,2021,https://boxd.it/3aToid,3,Yes,,2022-08-28
2022-08-29,The Suicide Squad,2021,https://boxd.it/3aTokX,3,,,2022-08-28
2022-08-29,Black Widow,2021,https://boxd.it/3aTomp,2.5,,,2022-08-28
2022-08-29,Loki,2021,https://boxd.it/3aTooF,1.5,,,2022-08-28
2022-08-29,Godzilla vs. Kong,2021,https://boxd.it/3aTorT,2.5,,,2022-08-28
2022-08-29,Zack Snyder's Justice League,2021,https://boxd.it/3aToyl,3,,,2022-08-28
2022-08-29,WandaVision,2021,https://boxd.it/3aToAr,1.5,,,2022-08-28
2022-08-29,Wonder Woman 1984,2020,https://boxd.it/3aToCn,1,,,2022-08-28
2022-08-29,Borat Subsequent Moviefilm,2020,https://boxd.it/3aToEt,3,,,2022-08-28
2022-08-29,Soul,2020,https://boxd.it/3aToHx,4,,,2022-08-28
2022-08-29,Tenet,2020,https://boxd.it/3aToJD,4,,,2022-08-28
2022-08-29,Palm Springs,2020,https://boxd.it/3aToNl,3,,,2022-08-28
2022-08-29,Birds of Prey (and the Fantabulous Emancipation of One Harley Quinn),2020,https://boxd.it/3aToPB,2,,,2022-08-28
2022-08-29,Star Wars: The Rise of Skywalker,2019,https://boxd.it/3aToSb,1,,,2022-08-28
2022-08-29,1917,2019,https://boxd.it/3aToTt,3,,,2022-08-28
2022-08-29,Knives Out,2019,https://boxd.it/3aToV5,3,,,2022-08-28
2022-08-29,Joker,2019,https://boxd.it/3aToXl,4,,,2022-08-28
2022-08-29,Uncut Gems,2019,https://boxd.it/3aToZr,3,,,2022-08-28
2022-08-29,Ford v Ferrari,2019,https://boxd.it/3aTp1d,3.5,,,2022-08-28
2022-08-29,Fast & Furious Presents: Hobbs & Shaw,2019,https://boxd.it/3aTp2v,3,,,2022-08-28
2022-08-29,Spider-Man: Far From Home,2019,https://boxd.it/3aTp4L,3,,,2022-08-28
2022-08-29,Once Upon a Time... in Hollywood,2019,https://boxd.it/3aTp6x,4,,,2022-08-28
2022-08-29,John Wick: Chapter 3 – Parabellum,2019,https://boxd.it/3aTp9L,3,,,2022-08-28
2022-08-29,Avengers: Endgame,2019,https://boxd.it/3aTpcv,5,Yes,,2022-08-28
2022-08-29,Shazam!,2019,https://boxd.it/3aTpeB,2.5,,,2022-08-28
2022-08-29,Good Boys,2019,https://boxd.it/3aTph1,2,,,2022-08-28
2022-08-29,Booksmart,2019,https://boxd.it/3aTpij,2,,,2022-08-28
2022-08-29,Captain Marvel,2019,https://boxd.it/3aTpwF,2,,,2022-08-28
2022-08-29,Spider-Man: Into the Spider-Verse,2018,https://boxd.it/3aTpAd,4.5,,,2022-08-28
2022-08-29,Aquaman,2018,https://boxd.it/3aTpD7,2.5,,,2022-08-28
2022-08-29,Venom,2018,https://boxd.it/3aTpF3,2,,,2022-08-28
2022-08-29,Crazy Rich Asians,2018,https://boxd.it/3aTpHN,4,,,2022-08-28
2022-08-29,Mission: Impossible – Fallout,2018,https://boxd.it/3aTpJz,3.5,,,2022-08-28
2022-08-29,Ant-Man and the Wasp,2018,https://boxd.it/3aTpLF,2.5,,,2022-08-28
2022-08-29,Incredibles 2,2018,https://boxd.it/3aTpNh,3.5,,,2022-08-28
2022-08-29,Deadpool 2,2018,https://boxd.it/3aTpQl,3,,,2022-08-28
2022-08-29,Avengers: Infinity War,2018,https://boxd.it/3aTpSB,4,,,2022-08-28
2022-08-29,Ready Player One,2018,https://boxd.it/3aTpU3,3,,,2022-08-28
2022-08-29,Game Night,2018,https://boxd.it/3aTpWN,2,,,2022-08-28
2022-08-29,"Love, Simon",2018,https://boxd.it/3aTpYp,4,,,2022-08-28
2022-08-29,Black Panther,2018,https://boxd.it/3aTq19,4,,,2022-08-28
2022-08-29,Star Wars: The Last Jedi,2017,https://boxd.it/3aTq3f,3,,,2022-08-28
2022-08-29,The Greatest Showman,2017,https://boxd.it/3aTq6j,2.5,,,2022-08-28
2022-08-29,Jumanji: Welcome to the Jungle,2017,https://boxd.it/3aTq8z,3.5,,,2022-08-28
2022-08-29,Justice League,2017,https://boxd.it/3aTqaZ,2,,,2022-08-28
2022-08-29,Thor: Ragnarok,2017,https://boxd.it/3aTqcV,3,,,2022-08-28
2022-08-29,Kingsman: The Golden Circle,2017,https://boxd.it/3aTqf1,3,,,2022-08-28
2022-08-29,Molly's Game,2017,https://boxd.it/3aTqgN,3.5,,,2022-08-28
2022-08-29,It,2017,https://boxd.it/3aTqiT,4,,,2022-08-28
2022-08-29,Spider-Man: Homecoming,2017,https://boxd.it/3aTqkb,3.5,,,2022-08-28
2022-08-29,Transformers: The Last Knight,2017,https://boxd.it/3aTqrV,2,,,2022-08-28
2022-08-29,Despicable Me 3,2017,https://boxd.it/3aTquv,1.5,,,2022-08-28
2022-08-29,Wonder Woman,2017,https://boxd.it/3aTqwr,3,,,2022-08-28
2022-08-29,Baywatch,2017,https://boxd.it/3aTqyH,3,,,2022-08-28
2022-08-29,Guardians of the Galaxy Vol. 2,2017,https://boxd.it/3aTqC5,3.5,,,2022-08-28
2022-08-29,Baby Driver,2017,https://boxd.it/3aTqDR,4,,,2022-08-28
2022-08-29,Kong: Skull Island,2017,https://boxd.it/3aTqFN,2.5,,,2022-08-28
2022-08-29,Logan,2017,https://boxd.it/3aTqH5,3.5,,,2022-08-28
2022-08-29,John Wick: Chapter 2,2017,https://boxd.it/3aTqJZ,3,,,2022-08-28
2022-08-29,Get Out,2017,https://boxd.it/3aTqL7,4,,,2022-08-28
2022-08-29,Rogue One: A Star Wars Story,2016,https://boxd.it/3aTqNx,4,,,2022-08-28
2022-08-29,Moana,2016,https://boxd.it/3aTqQ7,3,,,2022-08-28
2022-08-29,Fantastic Beasts and Where to Find Them,2016,https://boxd.it/3aTqRp,2,,,2022-08-28
2022-08-29,Doctor Strange,2016,https://boxd.it/3aTqU9,3.5,,,2022-08-28
2022-08-29,Keeping Up with the Joneses,2016,https://boxd.it/3aTqW5,2.5,,,2022-08-28
2022-08-29,The Founder,2016,https://boxd.it/3aTr15,4,,,2022-08-28
2022-08-29,War Dogs,2016,https://boxd.it/3aTr3Z,4,,,2022-08-28
2022-08-29,Suicide Squad,2016,https://boxd.it/3aTr5L,2,,,2022-08-28
2022-08-29,Now You See Me 2,2016,https://boxd.it/3aTr7R,3,,,2022-08-28
2022-08-29,Popstar: Never Stop Never Stopping,2016,https://boxd.it/3aTra7,4,,,2022-08-28
2022-08-29,The Nice Guys,2016,https://boxd.it/3aTrdF,3.5,,,2022-08-28
2022-08-29,X-Men: Apocalypse,2016,https://boxd.it/3aTrfB,1.5,,,2022-08-28
2022-08-29,Captain America: Civil War,2016,https://boxd.it/3aTri1,3.5,,,2022-08-28
2022-08-29,Batman v Superman: Dawn of Justice,2016,https://boxd.it/3aTrjX,2.5,,,2022-08-28
2022-08-29,Zootopia,2016,https://boxd.it/3aTrmH,4,,,2022-08-28
2022-08-29,Deadpool,2016,https://boxd.it/3aTro9,3.5,,,2022-08-28
2022-08-29,Kung Fu Panda 3,2016,https://boxd.it/3aTrqJ,3.5,,,2022-08-28
2022-08-29,Star Wars: The Force Awakens,2015,https://boxd.it/3aTrtD,3,,,2022-08-28
2022-08-29,The Big Short,2015,https://boxd.it/3aTrwd,4,,,2022-08-28
2022-08-29,The Martian,2015,https://boxd.it/3aTry9,4,,,2022-08-28
2022-08-29,Fantastic Four,2015,https://boxd.it/3aTrBn,1.5,,,2022-08-28
2022-08-29,Self/less,2015,https://boxd.it/3aTrFJ,3.5,,,2022-08-28
2022-08-29,Ant-Man,2015,https://boxd.it/3aTrID,3.5,,,2022-08-28
2022-08-29,Minions,2015,https://boxd.it/3aTrKz,2,,,2022-08-28
2022-08-29,Inside Out,2015,https://boxd.it/3aTrMv,4,,,2022-08-28
2022-08-29,Jurassic World,2015,https://boxd.it/3aTrOL,3,,,2022-08-28
2022-08-29,Mad Max: Fury Road,2015,https://boxd.it/3aTrQn,3.5,,,2022-08-28
2022-08-29,Avengers: Age of Ultron,2015,https://boxd.it/3aTrS9,3.5,,,2022-08-28
2022-08-29,Focus,2015,https://boxd.it/3aTrU5,3,,,2022-08-28
2022-08-29,The Interview,2014,https://boxd.it/3aTrVR,3.5,,,2022-08-28
2022-08-29,Kingsman: The Secret Service,2014,https://boxd.it/3aTrY7,4,,,2022-08-28
2022-08-29,Interstellar,2014,https://boxd.it/3aTs0n,5,Yes,,2022-08-28
2022-08-29,Big Hero 6,2014,https://boxd.it/3aTs3B,4.5,,,2022-08-28
2022-08-29,John Wick,2014,https://boxd.it/3aTs53,3.5,,,2022-08-28
2022-08-29,Guardians of the Galaxy,2014,https://boxd.it/3aTs6F,4,,,2022-08-28
2022-08-29,Transformers: Age of Extinction,2014,https://boxd.it/3aTsa3,2,,,2022-08-28
2022-08-29,22 Jump Street,2014,https://boxd.it/3aTsbl,4.5,,,2022-08-28
2022-08-29,Blended,2014,https://boxd.it/3aTscX,3,,,2022-08-28
2022-08-29,X-Men: Days of Future Past,2014,https://boxd.it/3aTsf3,3,,,2022-08-28
2022-08-29,The Amazing Spider-Man 2,2014,https://boxd.it/3aTshD,3,,,2022-08-28
2022-08-29,Captain America: The Winter Soldier,2014,https://boxd.it/3aTsir,4.5,,,2022-08-28
2022-08-29,Neighbors,2014,https://boxd.it/3aTsll,3.5,,,2022-08-28
2022-08-29,Chef,2014,https://boxd.it/3aTsnV,4.5,,,2022-08-28
2022-08-29,The Grand Budapest Hotel,2014,https://boxd.it/3aTsql,3.5,,,2022-08-28
2022-08-29,The Lego Movie,2014,https://boxd.it/3aTsud,3,,,2022-08-28
2022-08-29,Whiplash,2014,https://boxd.it/3aTsvv,5,Yes,,2022-08-28
2022-08-29,Anchorman 2: The Legend Continues,2013,https://boxd.it/3aTsxV,3,,,2022-08-28
2022-08-29,The Wolf of Wall Street,2013,https://boxd.it/3aTsB9,4.5,,,2022-08-28
2022-08-29,Frozen,2013,https://boxd.it/3aTsCL,3.5,,,2022-08-28
2022-08-29,The Hunger Games: Catching Fire,2013,https://boxd.it/3aTsEH,3,,,2022-08-28
2022-08-29,Thor: The Dark World,2013,https://boxd.it/3aTsGN,2,,,2022-08-28
2022-08-29,Prisoners,2013,https://boxd.it/3aTsIJ,4.5,,,2022-08-28
2022-08-29,We're the Millers,2013,https://boxd.it/3aTsV9,4.5,,,2022-08-28
2022-08-29,Don Jon,2013,https://boxd.it/3aTsWB,2.5,,,2022-08-28
2022-08-29,Kick-Ass 2,2013,https://boxd.it/3aTsYR,2.5,,,2022-08-28
2022-08-29,Pacific Rim,2013,https://boxd.it/3aTt0t,2.5,,,2022-08-28
2022-08-29,Despicable Me 2,2013,https://boxd.it/3aTt2T,2,,,2022-08-28
2022-08-29,Man of Steel,2013,https://boxd.it/3aTt5D,3,,,2022-08-28
2022-08-29,Monsters University,2013,https://boxd.it/3aTt7f,2.5,,,2022-08-28
2022-08-29,This Is the End,2013,https://boxd.it/3aTt9l,2.5,,,2022-08-28
2022-08-29,Now You See Me,2013,https://boxd.it/3aTtaX,3.5,,,2022-08-28
2022-08-29,The Great Gatsby,2013,https://boxd.it/3aTtcJ,3.5,,,2022-08-28
2022-08-29,Iron Man 3,2013,https://boxd.it/3aTteP,4,,,2022-08-28
2022-08-29,This Is 40,2012,https://boxd.it/3aTtgL,2.5,,,2022-08-28
2022-08-29,Django Unchained,2012,https://boxd.it/3aTtlh,3.5,,,2022-08-28
2022-08-29,Wreck-It Ralph,2012,https://boxd.it/3aTtol,3,,,2022-08-28
2022-08-29,Skyfall,2012,https://boxd.it/3aTtqL,3,,,2022-08-28
2022-08-29,Argo,2012,https://boxd.it/3aTtrz,3,,,2022-08-28
2022-08-29,Pitch Perfect,2012,https://boxd.it/3aTtt1,3.5,,,2022-08-28
2022-08-29,Looper,2012,https://boxd.it/3aTtvh,3.5,,,2022-08-28
2022-08-29,The Perks of Being a Wallflower,2012,https://boxd.it/3aTtxH,3,,,2022-08-28
2022-08-29,The Dark Knight Rises,2012,https://boxd.it/3aTtBp,3.5,,,2022-08-28
2022-08-29,The Amazing Spider-Man,2012,https://boxd.it/3aTtDl,4,,,2022-08-28
2022-08-29,The Dictator,2012,https://boxd.it/3aTtGz,3,,,2022-08-28
2022-08-29,The Avengers,2012,https://boxd.it/3aTtIb,4.5,,,2022-08-28
2022-08-29,The Hunger Games,2012,https://boxd.it/3aTtIZ,3,,,2022-08-28
2022-08-29,21 Jump Street,2012,https://boxd.it/3aTtKL,5,Yes,,2022-08-28
2022-08-29,Project X,2012,https://boxd.it/3aTtMH,3.5,,,2022-08-28
2022-08-29,The Lorax,2012,https://boxd.it/3aTtOD,3.5,,,2022-08-28
2022-08-29,Moneyball,2011,https://boxd.it/3aTtQJ,3.5,,,2022-08-28
2022-08-29,The Change-Up,2011,https://boxd.it/3aTtSF,2.5,,,2022-08-28
2022-08-29,Captain America: The First Avenger,2011,https://boxd.it/3aTtUh,3,,,2022-08-28
2022-08-29,"Crazy, Stupid, Love.",2011,https://boxd.it/3aTtW3,3.5,,,2022-08-28
2022-08-29,Harry Potter and the Deathly Hallows: Part 2,2011,https://boxd.it/3aTtXl,4,,,2022-08-28
2022-08-29,Transformers: Dark of the Moon,2011,https://boxd.it/3aTtYD,2,,,2022-08-28
2022-08-29,X-Men: First Class,2011,https://boxd.it/3aTu0f,2,,,2022-08-28
2022-08-29,Kung Fu Panda 2,2011,https://boxd.it/3aTu2v,3.5,,,2022-08-28
2022-08-29,Thor,2011,https://boxd.it/3aTu4B,2.5,,,2022-08-28
2022-08-29,Tangled,2010,https://boxd.it/3aTu7b,3,,,2022-08-28
2022-08-29,Megamind,2010,https://boxd.it/3aTu8X,4,,,2022-08-28
2022-08-29,Harry Potter and the Deathly Hallows: Part 1,2010,https://boxd.it/3aTuaz,4,,,2022-08-28
2022-08-29,The Social Network,2010,https://boxd.it/3aTucv,4.5,,,2022-08-28
2022-08-29,Easy A,2010,https://boxd.it/3aTueL,2.5,,,2022-08-28
2022-08-29,The Other Guys,2010,https://boxd.it/3aTug3,4,,,2022-08-28
2022-08-29,Scott Pilgrim vs. the World,2010,https://boxd.it/3aTuij,4.5,,,2022-08-28
2022-08-29,Inception,2010,https://boxd.it/3aTulx,4.5,,,2022-08-28
2022-08-29,Despicable Me,2010,https://boxd.it/3aTuoh,3,,,2022-08-28
2022-08-29,Knight and Day,2010,https://boxd.it/3aTuqR,2.5,,,2022-08-28
2022-08-29,The Karate Kid,2010,https://boxd.it/3aTusD,3,,,2022-08-28
2022-08-29,Iron Man 2,2010,https://boxd.it/3aTuup,3,,,2022-08-28
2022-08-29,Kick-Ass,2010,https://boxd.it/3aTuw1,4,,,2022-08-28
2022-08-29,How to Train Your Dragon,2010,https://boxd.it/3aTux9,3.5,,,2022-08-28
2022-08-29,Shutter Island,2010,https://boxd.it/3aTuA3,5,Yes,,2022-08-28
2022-08-29,Cloudy with a Chance of Meatballs,2009,https://boxd.it/3aTuBP,3.5,,,2022-08-28
2022-08-29,(500) Days of Summer,2009,https://boxd.it/3aTuDV,4.5,,,2022-08-28
2022-08-29,Harry Potter and the Half-Blood Prince,2009,https://boxd.it/3aTuGb,4,,,2022-08-28
2022-08-29,Transformers: Revenge of the Fallen,2009,https://boxd.it/3aTuJf,2.5,,,2022-08-28
2022-08-29,The Hangover,2009,https://boxd.it/3aTuL1,5,Yes,,2022-08-28
2022-08-29,The Proposal,2009,https://boxd.it/3aTuNh,4,,,2022-08-28
2022-08-29,Inglourious Basterds,2009,https://boxd.it/3aTuOJ,4,,,2022-08-28
2022-08-29,Up,2009,https://boxd.it/3aTuQZ,4,,,2022-08-28
2022-08-29,Adventureland,2009,https://boxd.it/3aTuSV,2.5,,,2022-08-28
2022-08-29,Watchmen,2009,https://boxd.it/3aTuUR,3,,,2022-08-28
2022-08-29,The Curious Case of Benjamin Button,2008,https://boxd.it/3aTuXV,2,,,2022-08-28
2022-08-29,Tropic Thunder,2008,https://boxd.it/3aTv0b,2,,,2022-08-28
2022-08-29,Pineapple Express,2008,https://boxd.it/3aTv2r,3,,,2022-08-28
2022-08-29,Step Brothers,2008,https://boxd.it/3aTv4d,3.5,,,2022-08-28
2022-08-29,The Dark Knight,2008,https://boxd.it/3aTv69,4.5,,,2022-08-28
2022-08-29,Hancock,2008,https://boxd.it/3aTv8J,1.5,,,2022-08-28
2022-08-29,WALL·E,2008,https://boxd.it/3aTvaP,4,,,2022-08-28
2022-08-29,The Incredible Hulk,2008,https://boxd.it/3aTve3,2,,,2022-08-28
2022-08-29,You Don't Mess with the Zohan,2008,https://boxd.it/3aTvfv,3.5,,,2022-08-28
2022-08-29,Kung Fu Panda,2008,https://boxd.it/3aTvhL,4,,,2022-08-28
2022-08-29,Slumdog Millionaire,2008,https://boxd.it/3aTvjH,3,,,2022-08-28
2022-08-29,Iron Man,2008,https://boxd.it/3aTvmr,4,,,2022-08-28
2022-08-29,Forgetting Sarah Marshall,2008,https://boxd.it/3aTvox,3,,,2022-08-28
2022-08-29,Horton Hears a Who!,2008,https://boxd.it/3aTvqX,3,,,2022-08-28
2022-08-29,Superbad,2007,https://boxd.it/3aTvsJ,5,Yes,,2022-08-28
2022-08-29,Harry Potter and the Order of the Phoenix,2007,https://boxd.it/3aTvv9,4,,,2022-08-28
2022-08-29,Transformers,2007,https://boxd.it/3aTvxJ,3.5,,,2022-08-28
2022-08-29,Ratatouille,2007,https://boxd.it/3aTvzP,3,,,2022-08-28
2022-08-29,Fantastic Four: Rise of the Silver Surfer,2007,https://boxd.it/3aTvB7,2.5,,,2022-08-28
2022-08-29,Spider-Man 3,2007,https://boxd.it/3aTvD3,2,,,2022-08-28
2022-08-29,Zodiac,2007,https://boxd.it/3aTvFt,3.5,,,2022-08-28
2022-08-29,Casino Royale,2006,https://boxd.it/3aTvHz,3,,,2022-08-28
2022-08-29,The Prestige,2006,https://boxd.it/3aTvJv,5,,,2022-08-28
2022-08-29,The Departed,2006,https://boxd.it/3aTvMf,4.5,,,2022-08-28
2022-08-29,Stranger Than Fiction,2006,https://boxd.it/3aTvOl,3,,,2022-08-28
2022-08-29,Borat: Cultural Learnings of America for Make Benefit Glorious Nation of Kazakhstan,2006,https://boxd.it/3aTvRf,4,,,2022-08-28
2022-08-29,Talladega Nights: The Ballad of Ricky Bobby,2006,https://boxd.it/3aTvTb,3,,,2022-08-28
2022-08-29,Click,2006,https://boxd.it/3aTvV7,3.5,,,2022-08-28
2022-08-29,The Break-Up,2006,https://boxd.it/3aTvWp,3,,,2022-08-28
2022-08-29,Cars,2006,https://boxd.it/3aTvZj,2.5,,,2022-08-28
2022-08-29,Harry Potter and the Goblet of Fire,2005,https://boxd.it/3aTw1z,4,,,2022-08-28
2022-08-29,The 40 Year Old Virgin,2005,https://boxd.it/3aTw3Z,3,,,2022-08-28
2022-08-29,Wedding Crashers,2005,https://boxd.it/3aTw57,2.5,,,2022-08-28
2022-08-29,Fantastic Four,2005,https://boxd.it/3aTw6T,3,,,2022-08-28
2022-08-29,Mr. & Mrs. Smith,2005,https://boxd.it/3aTw8Z,2.5,,,2022-08-28
2022-08-29,Batman Begins,2005,https://boxd.it/3aTwaV,3,,,2022-08-28
2022-08-29,Star Wars: Episode III – Revenge of the Sith,2005,https://boxd.it/3aTwcH,3,,,2022-08-28
2022-08-29,The Incredibles,2004,https://boxd.it/3aTwnv,4,,,2022-08-28
2022-08-29,Anchorman: The Legend of Ron Burgundy,2004,https://boxd.it/3aTwpV,3.5,,,2022-08-28
2022-08-29,Spider-Man 2,2004,https://boxd.it/3aTwrn,4.5,,,2022-08-28
2022-08-29,White Chicks,2004,https://boxd.it/3aTwuh,2,,,2022-08-28
2022-08-29,DodgeBall: A True Underdog Story,2004,https://boxd.it/3aTwwH,3,,,2022-08-28
2022-08-29,Napoleon Dynamite,2004,https://boxd.it/3aTwxZ,3.5,,,2022-08-28
2022-08-29,Harry Potter and the Prisoner of Azkaban,2004,https://boxd.it/3aTwzV,4,,,2022-08-28
2022-08-29,Harold & Kumar Go to White Castle,2004,https://boxd.it/3aTwBH,2.5,,,2022-08-28
2022-08-29,Shrek 2,2004,https://boxd.it/3aTwF5,3,,,2022-08-28
2022-08-29,Mean Girls,2004,https://boxd.it/3aTwGd,4,,,2022-08-28
2022-08-29,Eternal Sunshine of the Spotless Mind,2004,https://boxd.it/3aTwHF,4,,,2022-08-28
2022-08-29,The Girl Next Door,2004,https://boxd.it/3aTwJr,3.5,,,2022-08-28
2022-08-29,Elf,2003,https://boxd.it/3aTwM1,2.5,,,2022-08-28
2022-08-29,School of Rock,2003,https://boxd.it/3aTwOh,4,,,2022-08-28
2022-08-29,Finding Nemo,2003,https://boxd.it/3aTwR1,3,,,2022-08-28
2022-08-29,Old School,2003,https://boxd.it/3aTwU5,2.5,,,2022-08-28
2022-08-29,Catch Me If You Can,2002,https://boxd.it/3aTwVx,5,,,2022-08-28
2022-08-29,Harry Potter and the Chamber of Secrets,2002,https://boxd.it/3aTwYB,4,,,2022-08-28
2022-08-29,Austin Powers in Goldmember,2002,https://boxd.it/3aTx03,2.5,,,2022-08-28
2022-08-29,Punch-Drunk Love,2002,https://boxd.it/3aTx2j,3.5,,,2022-08-28
2022-08-29,Star Wars: Episode II – Attack of the Clones,2002,https://boxd.it/3aTx4p,2.5,,,2022-08-28
2022-08-29,Spider-Man,2002,https://boxd.it/3aTx5R,3.5,,,2022-08-28
2022-08-29,National Lampoon's Van Wilder,2002,https://boxd.it/3aTx7N,3,,,2022-08-28
2022-08-29,Not Another Teen Movie,2001,https://boxd.it/3aTxan,3.5,,,2022-08-28
2022-08-29,Ocean's Eleven,2001,https://boxd.it/3aTxkH,3,,,2022-08-28
2022-08-29,Harry Potter and the Philosopher's Stone,2001,https://boxd.it/3aTxq1,4,,,2022-08-28
2022-08-29,"Monsters, Inc.",2001,https://boxd.it/3aTxsh,3.5,,,2022-08-28
2022-08-29,Legally Blonde,2001,https://boxd.it/3aTxwj,3,,,2022-08-28
2022-08-29,Shrek,2001,https://boxd.it/3aTxxV,3.5,,,2022-08-28
2022-08-29,Spy Kids,2001,https://boxd.it/3aTxA1,3.5,,,2022-08-28
2022-08-29,Memento,2000,https://boxd.it/3aTxCB,4,,,2022-08-28
2022-08-29,American Psycho,2000,https://boxd.it/3aTxFb,2.5,,,2022-08-28
2022-08-29,Fight Club,1999,https://boxd.it/3aTxJn,4,,,2022-08-28
2022-08-29,American Pie,1999,https://boxd.it/3aTxLX,4,,,2022-08-28
2022-08-29,Austin Powers: The Spy Who Shagged Me,1999,https://boxd.it/3aTxOd,3,,,2022-08-28
2022-08-29,Star Wars: Episode I – The Phantom Menace,1999,https://boxd.it/3aTxQN,2,,,2022-08-28
2022-08-29,The Matrix,1999,https://boxd.it/3aTxVj,2,,,2022-08-28
2022-08-29,The Truman Show,1998,https://boxd.it/3aTxZl,4,,,2022-08-28
2022-08-29,Good Will Hunting,1997,https://boxd.it/3aTy1V,5,Yes,,2022-08-28
2022-08-29,Men in Black,1997,https://boxd.it/3aTy4F,2.5,,,2022-08-28
2022-08-29,Happy Gilmore,1996,https://boxd.it/3aTy6V,3.5,,,2022-08-28
2022-08-29,Se7en,1995,https://boxd.it/3aTy9l,3.5,,,2022-08-28
2022-08-29,Clueless,1995,https://boxd.it/3aTyb7,2.5,,,2022-08-28
2022-08-29,The Shawshank Redemption,1994,https://boxd.it/3aTydd,4.5,,,2022-08-28
2022-08-29,Forrest Gump,1994,https://boxd.it/3aTyg7,3,,,2022-08-28
2022-08-29,Pulp Fiction,1994,https://boxd.it/3aTyjv,4,,,2022-08-28
2022-08-29,The Lion King,1994,https://boxd.it/3aTylh,4,,,2022-08-28
2022-08-29,Schindler's List,1993,https://boxd.it/3aTynR,4,,,2022-08-28
2022-08-29,Aladdin,1992,https://boxd.it/3aTypj,2.5,,,2022-08-28
2022-08-29,Wayne's World,1992,https://boxd.it/3aTyrz,3.5,,,2022-08-28
2022-08-29,Beauty and the Beast,1991,https://boxd.it/3aTytP,3.5,,,2022-08-28
2022-08-29,Home Alone,1990,https://boxd.it/3aTywz,4,,,2022-08-28
2022-08-29,Back to the Future Part II,1989,https://boxd.it/3aTyz9,2.5,,,2022-08-28
2022-08-29,Rain Man,1988,https://boxd.it/3aTyAV,4,,,2022-08-28
2022-08-29,Ferris Bueller's Day Off,1986,https://boxd.it/3aTyCn,4.5,,,2022-08-28
2022-08-29,Top Gun,1986,https://boxd.it/3aTyEN,3,,,2022-08-28
2022-08-29,Back to the Future,1985,https://boxd.it/3aTyH3,3.5,,,2022-08-28
2022-08-29,The Breakfast Club,1985,https://boxd.it/3aTyIP,2,,,2022-08-28
2022-08-29,The Karate Kid,1984,https://boxd.it/3aTyKV,4.5,,,2022-08-28
2022-08-29,Ghostbusters,1984,https://boxd.it/3aTyN1,2.5,,,2022-08-28
2022-08-29,Return of the Jedi,1983,https://boxd.it/3aTyP7,4,,,2022-08-28
2022-08-29,E.T. the Extra-Terrestrial,1982,https://boxd.it/3aTyR3,3,,,2022-08-28
2022-08-29,The Shining,1980,https://boxd.it/3aTyUB,3.5,,,2022-08-28
2022-08-29,The Empire Strikes Back,1980,https://boxd.it/3aTyVz,3.5,,,2022-08-28
2022-08-29,Star Wars,1977,https://boxd.it/3aTyWH,3.5,,,2022-08-28
2022-09-06,American Beauty,1999,https://boxd.it/3cvs2X,3.5,,,2022-09-05
2022-09-12,"I Love You, Man",2009,https://boxd.it/3dyzsj,3,,,2022-09-11
2022-09-12,Friends with Benefits,2011,https://boxd.it/3dyzEz,2.5,,,2022-09-11
2022-09-12,Bad Teacher,2011,https://boxd.it/3dyzPd,2.5,,,2022-09-11
2022-09-18,This Is 40,2012,https://boxd.it/3eAIGn,3,Yes,,2022-09-17
2022-11-27,Black Panther: Wakanda Forever,2022,https://boxd.it/3tntbt,3.5,,,2022-11-26
2022-11-28,Harry Potter and the Order of the Phoenix,2007,https://boxd.it/3tyncn,4.5,Yes,,2022-11-27
2022-11-30,Harry Potter and the Deathly Hallows: Part 2,2011,https://boxd.it/3tVBdF,5,Yes,,2022-11-29
2022-11-30,Glass Onion,2022,https://boxd.it/3u32g1,4.5,,,2022-11-29
2022-12-06,Inception,2010,https://boxd.it/3vgjmP,5,Yes,,2022-12-05
2022-12-12,Glass Onion,2022,https://boxd.it/3ws1uf,4,Yes,,2022-12-11
2022-12-18,The Social Network,2010,https://boxd.it/3xL9Ll,5,Yes,,2022-12-17
2022-12-22,Bridesmaids,2011,https://boxd.it/3yYQuR,1.5,,,2022-12-21
2022-12-23,Hot Fuzz,2007,https://boxd.it/3zgE8l,4,,,2022-12-23
2022-12-24,10 Things I Hate About You,1999,https://boxd.it/3zzMNp,4,,,2022-12-23
2022-12-25,Ex Machina,2015,https://boxd.it/3zVgfT,4.5,,,2022-12-25
2022-12-27,Zoolander,2001,https://boxd.it/3AqJ0P,2.5,,,2022-12-26
2022-12-27,Juno,2007,https://boxd.it/3AGaLj,3.5,,,2022-12-26
2022-12-30,Babylon,2022,https://boxd.it/3Bz5KZ,2.5,,,2022-12-29
2023-01-02,Once Upon a Time... in Hollywood,2019,https://boxd.it/3CNZu1,4,Yes,,2023-01-01
2023-01-03,We're the Millers,2013,https://boxd.it/3Dcz5p,5,Yes,,2023-01-02
2023-01-05,DodgeBall: A True Underdog Story,2004,https://boxd.it/3Ehdm3,3,Yes,,2023-01-05
2023-01-09,Source Code,2011,https://boxd.it/3FXe1X,3.5,,,2023-01-09
2023-01-10,John Mulaney: New in Town,2012,https://boxd.it/3GhRd9,3,,,2023-01-09
2023-01-11,Accepted,2006,https://boxd.it/3GB33X,2.5,,,2023-01-10
2023-01-12,La La Land,2016,https://boxd.it/3GSGPP,5,,,2023-01-11
2023-01-13,John Mulaney: The Comeback Kid,2015,https://boxd.it/3HfkBd,3.5,,,2023-01-13
2023-01-14,Boogie Nights,1997,https://boxd.it/3HnRfb,1.5,,,2023-01-13
2023-01-15,Horrible Bosses 2,2014,https://boxd.it/3HX3iL,4,,,2023-01-15
2023-01-18,Wedding Crashers,2005,https://boxd.it/3J0oYD,3,Yes,,2023-01-18
2023-01-23,Avatar: The Way of Water,2022,https://boxd.it/3KzYuN,5,,,2023-01-23
2023-01-29,Everything Everywhere All at Once,2022,https://boxd.it/3Mso2d,5,Yes,,2023-01-29
2023-02-07,Parasite,2019,https://boxd.it/3Pa11R,4,,,2023-02-06
2023-02-07,You People,2023,https://boxd.it/3Ph9e9,1,,,2023-02-07
2023-02-11,Role Models,2008,https://boxd.it/3Qbxpd,3.5,,,2023-02-10
2023-02-18,Captain America: The Winter Soldier,2014,https://boxd.it/3S1i19,4,Yes,,2023-02-17
2023-02-21,The Nice Guys,2016,https://boxd.it/3T1tlX,3.5,Yes,,2023-02-20
2023-02-22,Birdman or (The Unexpected Virtue of Ignorance),2014,https://boxd.it/3Tfv7V,3,,,2023-02-21
2023-03-05,Creed III,2023,https://boxd.it/3WnQV1,4,,,2023-03-04
2023-03-14,Shaun of the Dead,2004,https://boxd.it/3YXP2T,3.5,,,2023-03-14
2023-05-13,La La Land,2016,https://boxd.it/4eZnAL,5,Yes,,2023-05-03
2023-05-13,Matt Rife: Matthew Steven Rife,2023,https://boxd.it/4eZnXl,3,,,2023-05-06
2023-05-08,The Super Mario Bros. Movie,2023,https://boxd.it/4dKg53,3,,,2023-05-07
2023-05-13,Guardians of the Galaxy Vol. 3,2023,https://boxd.it/4eVdAX,5,,,2023-05-12
2023-05-13,The Way Back,2020,https://boxd.it/4eZpZj,2.5,,,2023-05-12
2023-05-14,Air,2023,https://boxd.it/4f8yPP,4,,,2023-05-13
2023-05-14,Paddington,2014,https://boxd.it/4ffIcH,4,,,2023-05-14
2023-05-17,Zombieland,2009,https://boxd.it/4fV5UJ,3.5,,,2023-05-16
2023-05-17,Don't Look Up,2021,https://boxd.it/4fXfGV,4.5,,,2023-05-16
2023-05-18,Jackass 3D,2010,https://boxd.it/4g2AGd,2.5,,,2023-05-17
2023-05-21,Lost in Translation,2003,https://boxd.it/4gP9tT,3.5,,,2023-05-20
2023-05-21,Almost Famous,2000,https://boxd.it/4gRFM3,4.5,,,2023-05-20
2023-05-21,Ted,2012,https://boxd.it/4gXokD,2.5,,,2023-05-21
2023-05-21,Brüno,2009,https://boxd.it/4gY2uX,3.5,,,2023-05-21
2023-05-24,Arrival,2016,https://boxd.it/4hCHvn,4,,,2023-05-22
2023-05-29,You Hurt My Feelings,2023,https://boxd.it/4iVShj,3,,,2023-05-28
2023-05-30,White Men Can't Jump,2023,https://boxd.it/4j3tc5,0.5,,,2023-05-29
2023-06-02,Spider-Man: Across the Spider-Verse,2023,https://boxd.it/4jUyIr,4.5,,,2023-06-01
2023-06-12,Puss in Boots: The Last Wish,2022,https://boxd.it/4mEBcD,4.5,,,2023-06-11
2023-06-12,About Time,2013,https://boxd.it/4mIQ01,4,,,2023-06-11
2023-06-16,The Flash,2023,https://boxd.it/4nIRX3,1.5,,,2023-06-15
2023-06-17,Justice League: The Flashpoint Paradox,2013,https://boxd.it/4nPsYf,3,,,2023-06-16
2023-06-17,Silver Linings Playbook,2012,https://boxd.it/4o1NGF,4.5,,,2023-06-17
2023-06-23,No Hard Feelings,2023,https://boxd.it/4pGI27,3.5,,,2023-06-22
2023-06-25,Asteroid City,2023,https://boxd.it/4qhjDr,3.5,,,2023-06-24
2023-06-28,Batman: Mask of the Phantasm,1993,https://boxd.it/4rf1uL,3.5,,,2023-06-28
2023-06-30,Nightcrawler,2014,https://boxd.it/4rGf7P,3,,,2023-06-29
2023-06-30,Burn After Reading,2008,https://boxd.it/4rKi35,4,,,2023-06-29
2023-07-01,Neighbors,2014,https://boxd.it/4rTBql,3.5,Yes,,2023-06-30
2023-07-03,Gone Girl,2014,https://boxd.it/4sEnGN,4.5,,,2023-07-02
2023-07-05,My Cousin Vinny,1992,https://boxd.it/4tiFch,4,,,2023-07-04
2023-07-06,Les Misérables,2012,https://boxd.it/4tBkVN,5,,,2023-07-06
2023-07-07,National Lampoon's Van Wilder,2002,https://boxd.it/4tQx77,3,Yes,,2023-07-06
2023-07-08,The Prestige,2006,https://boxd.it/4u7EuL,5,Yes,,2023-07-07
2023-07-09,Deadpool,2016,https://boxd.it/4urA0n,3.5,Yes,,2023-07-08
2023-07-10,"Batman: The Dark Knight Returns, Part 1",2012,https://boxd.it/4uEbmp,3,,,2023-07-09
2023-07-11,Mission: Impossible – Dead Reckoning,2023,https://boxd.it/4v5vEH,4,,,2023-07-10
2023-07-12,Lady Bird,2017,https://boxd.it/4vpo3z,4,,,2023-07-11
2023-07-16,Final Cut,2022,https://boxd.it/4wy6Gl,4.5,,,2023-07-15
2023-07-19,Gladiator,2000,https://boxd.it/4xAwAh,4,,,2023-07-19
2023-07-19,Get Smart,2008,https://boxd.it/4xAxDr,2,,,2023-07-19
2023-07-19,Blade Runner 2049,2017,https://boxd.it/4xAxW9,3,,,2023-07-19
2023-07-19,Forgetting Sarah Marshall,2008,https://boxd.it/4xAyTb,4,Yes,,2023-07-19
2023-07-26,Barbie,2023,https://boxd.it/4AbXm9,2.5,,,2023-07-23
2023-07-29,Drive,2011,https://boxd.it/4BjAAH,3.5,,,2023-07-28
2023-08-04,The Departed,2006,https://boxd.it/4DBRKN,4.5,Yes,,2023-08-03
2023-08-07,Ratatouille,2007,https://boxd.it/4EzA4P,3.5,Yes,,2023-08-06
2023-08-07,Animal House,1978,https://boxd.it/4EIK81,1,,,2023-08-06
2023-08-08,Not Another Teen Movie,2001,https://boxd.it/4F68dv,4,Yes,,2023-08-08
2023-08-08,Guardians of the Galaxy Vol. 3,2023,https://boxd.it/4F6c3f,4,Yes,,2023-08-08
2023-08-09,"Hail, Caesar!",2016,https://boxd.it/4FnJdV,2,,,2023-08-08
2023-08-09,Talladega Nights: The Ballad of Ricky Bobby,2006,https://boxd.it/4FnKaX,4,Yes,,2023-08-08
2023-08-09,Her,2013,https://boxd.it/4FnKUV,3,,,2023-08-08
2023-08-11,The Wolf of Wall Street,2013,https://boxd.it/4FTxjr,4.5,Yes,,2023-08-10
2023-08-12,Oppenheimer,2023,https://boxd.it/4GiCMj,4.5,,,2023-08-11
2023-08-29,Out of Sight,1998,https://boxd.it/4LP6U7,2,,,2023-08-28
2023-09-02,How to Train Your Dragon,2010,https://boxd.it/4MLRLd,3.5,Yes,,2023-09-01
2023-09-02,Nope,2022,https://boxd.it/4MOe75,2.5,,,2023-09-01
2023-09-02,No Country for Old Men,2007,https://boxd.it/4MX8wr,4.5,,,2023-09-02
2023-09-03,Burnt,2015,https://boxd.it/4Nh4w3,4,,,2023-09-02
2023-09-06,"Crazy, Stupid, Love.",2011,https://boxd.it/4ObgnJ,4,Yes,,2023-09-05
2023-09-12,Do the Right Thing,1989,https://boxd.it/4PVE7B,4,,,2023-09-12
2023-09-19,Citizen Kane,1941,https://boxd.it/4RTWPP,4.5,,,2023-09-18
2023-09-21,Daddy's Home,2015,https://boxd.it/4Sg6Z5,3,,,2023-09-20
2023-10-03,His Girl Friday,1940,https://boxd.it/4W2Uf5,4,,,2023-10-02
2023-10-08,Bad Trip,2021,https://boxd.it/4Xqw95,4,,,2023-10-07
2023-10-17,Daisies,1966,https://boxd.it/50GzUd,4.5,,,2023-10-16
2023-10-22,Killers of the Flower Moon,2023,https://boxd.it/52bTVh,3.5,,,2023-10-21
2023-10-24,(500) Days of Summer,2009,https://boxd.it/52O4K1,5,Yes,,2023-10-23
2023-10-26,Bad Trip,2021,https://boxd.it/53kA0t,4,Yes,,2023-10-25
2023-10-26,Vertigo,1958,https://boxd.it/53mMQl,4,,,2023-10-25
2023-11-15,Jaws,1975,https://boxd.it/5a4k2T,3.5,,,2023-11-14
2023-11-19,The Big Lebowski,1998,https://boxd.it/5bxDUH,3.5,,,2023-11-19
2023-11-20,Hot Tub Time Machine,2010,https://boxd.it/5bLWjN,3,,,2023-11-19
2023-11-25,The Interview,2014,https://boxd.it/5dqMAb,4,Yes,,2023-11-24
2023-11-28,Spider-Man: Into the Spider-Verse,2018,https://boxd.it/5eG0JZ,4.5,Yes,,2023-11-27
2023-12-05,Inception,2010,https://boxd.it/5gZgNf,5,Yes,,2023-12-04
2023-12-17,Taken,2008,https://boxd.it/5l3Psb,3.5,,,2023-12-16
2023-12-17,The Other Guys,2010,https://boxd.it/5l3QG9,4.5,Yes,,2023-12-16
2023-12-17,Travis Scott: Look Mom I Can Fly,2019,https://boxd.it/5l7Fnt,3.5,,,2023-12-17
2023-12-18,Good Time,2017,https://boxd.it/5lzHyJ,4.5,,,2023-12-18
2023-12-22,Man of Steel,2013,https://boxd.it/5mYgWD,2.5,Yes,,2023-12-21
2023-12-23,Love & Other Drugs,2010,https://boxd.it/5n9FvT,2.5,,,2023-12-22
2023-12-25,The Menu,2022,https://boxd.it/5oplqF,3,,,2023-12-24
2023-12-28,Harry Potter and the Prisoner of Azkaban,2004,https://boxd.it/5pYYRp,5,Yes,,2023-12-27
2023-12-28,Shane Gillis: Beautiful Dogs,2023,https://boxd.it/5q6i2Z,4,,,2023-12-27
2023-12-31,The Terminal,2004,https://boxd.it/5rHBpV,4,,,2023-12-30
2023-12-31,Nimona,2023,https://boxd.it/5rUJLr,4,,,2023-12-31
2024-01-01,Licorice Pizza,2021,https://boxd.it/5suVy7,3,,,2024-01-01
2024-01-10,This Is Where I Leave You,2014,https://boxd.it/5yplSf,3,,,2024-01-10
2024-01-11,Everything Everywhere All at Once,2022,https://boxd.it/5yUa7f,5,Yes,,2024-01-11
2024-01-15,Remember the Titans,2000,https://boxd.it/5AVFrZ,4,,,2024-01-12
2024-01-15,Airplane!,1980,https://boxd.it/5AVIvb,2.5,,,2024-01-13
2024-01-15,Dumb Money,2023,https://boxd.it/5AVJMx,4,,,2024-01-14
2024-01-15,42,2013,https://boxd.it/5AVKQv,4.5,,,2024-01-14
2024-01-16,Little Women,2019,https://boxd.it/5Bpz2p,4.5,,,2024-01-15
2024-03-28,"Easy to Learn, Hard to Master: The Fate of Atari",2017,https://boxd.it/69ukFd,3.5,,,2024-01-23
2024-03-28,Console Wars,2020,https://boxd.it/69ul5P,3.5,,,2024-01-30
2024-02-02,Poor Things,2023,https://boxd.it/5K2lfJ,3.5,,,2024-02-01
2024-02-06,She Done Him Wrong,1933,https://boxd.it/5LWR6b,3.5,,,2024-02-05
2024-02-21,Up in the Air,2009,https://boxd.it/5SwOaP,3.5,,,2024-02-20
2024-02-21,Meet Me in St. Louis,1944,https://boxd.it/5SwSoV,4,,,2024-02-20
2024-03-28,Not for Resale,2019,https://boxd.it/69umvp,3.5,,,2024-02-20
2024-02-25,Mission: Impossible III,2006,https://boxd.it/5Ud8Vp,3.5,,,2024-02-24
2024-02-27,Rebel Without a Cause,1955,https://boxd.it/5VAABx,3,,,2024-02-26
2024-03-01,Coraline,2009,https://boxd.it/5WR63N,4.5,,,2024-03-01
2024-03-06,Night of the Living Dread,2021,https://boxd.it/5ZjtiP,4.5,,,2024-03-05
2024-03-28,Insert Coin,2020,https://boxd.it/69unj5,3.5,,,2024-03-05
2024-03-07,Blow Job,1964,https://boxd.it/5ZufRt,,,,2024-03-06
2024-03-12,Dune,2021,https://boxd.it/62c4eh,5,,,2024-03-12
2024-03-13,Dune: Part Two,2024,https://boxd.it/62ujSn,3.5,,,2024-03-12
2024-03-18,Crazy Rich Asians,2018,https://boxd.it/64K0nP,4,Yes,,2024-03-17
2024-03-18,The Big Short,2015,https://boxd.it/64K2lr,4,Yes,,2024-03-17
2024-03-19,The Conversation,1974,https://boxd.it/65oqT3,4,,,2024-03-18
2024-03-22,Dream Scenario,2023,https://boxd.it/66mtXd,3,,,2024-03-21
2024-03-26,Killer of Sheep,1978,https://boxd.it/68zrBt,2,,,2024-03-25
2024-03-28,The Spider Within: A Spider-Verse Story,2023,https://boxd.it/69uiPF,4,,,2024-03-28
2024-03-29,Kelce,2023,https://boxd.it/69KO8v,4.5,,,2024-03-28
2024-04-03,Indie Game: The Movie,2012,https://boxd.it/6cqHtt,4,,,2024-04-02
2024-04-09,Safe,1995,https://boxd.it/6f6ClV,3,,,2024-04-08
2024-04-09,Please Don't Destroy: The Treasure of Foggy Mountain,2023,https://boxd.it/6f6CSv,3.5,,,2024-04-08
2024-04-16,Zodiac,2007,https://boxd.it/6hSaRN,4,Yes,,2024-04-15
2024-04-17,RoboCop,1987,https://boxd.it/6igsI3,1,,,2024-04-17
2024-04-18,Safe,1995,https://boxd.it/6io1ij,4,Yes,,2024-04-17
2024-04-23,Inside Out,2015,https://boxd.it/6kBiZt,5,Yes,,2024-04-22
2024-04-29,Skyfall,2012,https://boxd.it/6n5GZZ,3.5,Yes,,2024-04-29
2024-04-30,The Intern,2015,https://boxd.it/6ng1d3,4,,,2024-04-29
2024-05-02,The Lego Batman Movie,2017,https://boxd.it/6obB9Z,3.5,,,2024-04-30
2024-05-08,Spring Breakers,2012,https://boxd.it/6qYR35,2.5,,,2024-05-08
2024-05-08,Star Wars: Episode I – The Phantom Menace,1999,https://boxd.it/6qZ4qV,3.5,Yes,,2024-05-08
2024-05-09,Star Wars: Episode II – Attack of the Clones,2002,https://boxd.it/6rhG5n,4,Yes,,2024-05-08
2024-05-10,Anyone But You,2023,https://boxd.it/6rE5Q3,4.5,,,2024-05-09
2024-05-12,Postcard From Earth,2023,https://boxd.it/6so2vX,4.5,,,2024-05-11
2024-05-13,Star Wars: Episode III – Revenge of the Sith,2005,https://boxd.it/6sEEcB,5,Yes,,2024-05-12
2024-05-13,Shiva Baby,2020,https://boxd.it/6sEJkl,3,,,2024-05-12
2024-06-13,Pirates of the Caribbean: The Curse of the Black Pearl,2003,https://boxd.it/6FrG1V,2.5,,,2024-05-16
2024-05-20,Wonka,2023,https://boxd.it/6vkowd,4,,,2024-05-19
2024-05-24,Ocean's Eleven,2001,https://boxd.it/6wUnXD,4,Yes,,2024-05-23
2024-05-27,Star Wars,1977,https://boxd.it/6yvow7,4,Yes,,2024-05-26
2024-06-08,True Story,2015,https://boxd.it/6Dikbt,3.5,,,2024-05-31
2024-06-03,Fight Club,1999,https://boxd.it/6BhtIV,4,Yes,,2024-06-02
2024-06-05,The Empire Strikes Back,1980,https://boxd.it/6BZYDv,4,Yes,,2024-06-04
2024-06-07,Up,2009,https://boxd.it/6D0NEX,4,Yes,,2024-06-07
2024-06-08,Big,1988,https://boxd.it/6Db427,4,,,2024-06-07
2024-06-08,Fargo,1996,https://boxd.it/6DkSoP,4,,,2024-06-08
2024-06-14,Return of the Jedi,1983,https://boxd.it/6FC6oh,3.5,Yes,,2024-06-09
2024-06-12,The Social Network,2010,https://boxd.it/6EPkcV,5,Yes,,2024-06-11
2024-06-13,Gigli,2003,https://boxd.it/6FrxYz,2,,,2024-06-13
2024-06-14,Incredibles 2,2018,https://boxd.it/6FC8ar,4,Yes,,2024-06-13
2024-06-21,Celeste & Jesse Forever,2012,https://boxd.it/6Ix0Pt,3,,,2024-06-21
2024-06-23,The Fall Guy,2024,https://boxd.it/6JkbNh,3.5,,,2024-06-23
2024-06-24,The Hunger Games: The Ballad of Songbirds & Snakes,2023,https://boxd.it/6JO25b,4.5,,,2024-06-23
2024-06-29,Hit Man,2023,https://boxd.it/6Lzg7t,4,,,2024-06-28
2024-07-01,The Change-Up,2011,https://boxd.it/6MneHT,4,Yes,,2024-06-30
2024-07-04,Fantastic Mr. Fox,2009,https://boxd.it/6NytJr,3.5,,,2024-07-03
2024-07-05,Spider-Man: Across the Spider-Verse,2023,https://boxd.it/6O71kN,4.5,Yes,,2024-07-04
2024-07-08,The Princess Bride,1987,https://boxd.it/6Pzp95,4.5,,,2024-07-08
2024-07-10,Dune: Part Two,2024,https://boxd.it/6Qasxt,5,Yes,,2024-07-09
2024-07-17,Brüno,2009,https://boxd.it/6TBofr,3.5,Yes,,2024-07-17
2024-07-17,The Accountant,2016,https://boxd.it/6TBoC1,4,,,2024-07-17
2024-07-17,It's a Wonderful Life,1946,https://boxd.it/6TBrbn,4.5,,,2024-07-17
2024-07-30,8 Mile,2002,https://boxd.it/6ZgewJ,4,,,2024-07-27
2024-07-30,Deadpool & Wolverine,2024,https://boxd.it/6Zgjwp,2.5,,,2024-07-29
2024-08-05,A Million Ways to Die in the West,2014,https://boxd.it/71Qbsf,2.5,,,2024-08-04
2024-08-10,The Trial of the Chicago 7,2020,https://boxd.it/7426rt,4,,,2024-08-09
2024-08-12,Knocked Up,2007,https://boxd.it/752FMF,2.5,,,2024-08-11
2024-08-13,Hitch,2005,https://boxd.it/75EcUh,4,,,2024-08-13
2024-09-08,Our Planet,2019,https://boxd.it/7hBOn3,4.5,,,2024-09-08
2024-09-09,Rango,2011,https://boxd.it/7hOc23,3.5,,,2024-09-08
2024-09-10,Edge of Tomorrow,2014,https://boxd.it/7igDJf,4,,,2024-09-09
2024-09-16,Back to the Future,1985,https://boxd.it/7lesH1,4,Yes,,2024-09-15
2024-09-26,Kicking and Screaming,1995,https://boxd.it/7pfAvv,4.5,,,2024-09-25
2024-09-28,Inside Out 2,2024,https://boxd.it/7q1nLB,4.5,,,2024-09-27
2024-10-01,The Adjustment Bureau,2011,https://boxd.it/7ru2gf,2.5,,,2024-09-30
2024-11-06,It Chapter Two,2019,https://boxd.it/7JSffz,3,,,2024-10-05
2024-10-17,Kubo and the Two Strings,2016,https://boxd.it/7zh31r,3.5,,,2024-10-16
2024-10-20,Kiss Kiss Bang Bang,2005,https://boxd.it/7B8gl5,4,,,2024-10-20
2024-11-06,Sam Morril: You've Changed,2024,https://boxd.it/7JOhlh,3.5,,,2024-11-05
2024-11-06,Challengers,2024,https://boxd.it/7K1LF3,2.5,,,2024-11-05
2024-11-08,Hillbilly Elegy,2020,https://boxd.it/7KS2UD,4.5,,,2024-11-07
2024-11-18,The Wild Robot,2024,https://boxd.it/7Q13iD,4,,,2024-11-17
2024-11-22,Predestination,2014,https://boxd.it/7RAqfr,4,,,2024-11-21
2024-11-22,Pain & Gain,2013,https://boxd.it/7RAqCP,3.5,,,2024-11-21
2024-11-27,Upgrade,2018,https://boxd.it/7UggmT,3.5,,,2024-11-26
2024-12-01,Harry Potter and the Prisoner of Azkaban,2004,https://boxd.it/7WBM0Z,4.5,Yes,,2024-11-30
2024-12-01,Rounders,1998,https://boxd.it/7WBMpb,3.5,,,2024-12-01
2024-12-12,Klaus,2019,https://boxd.it/8225GR,4.5,,,2024-12-12
2024-12-19,Interstellar,2014,https://boxd.it/85FFJH,5,Yes,,2024-12-18
2024-12-22,Carry-On,2024,https://boxd.it/87uF6B,3,,,2024-12-22
2024-12-24,The Internship,2013,https://boxd.it/88wgYr,3.5,,,2024-12-23
2024-12-26,Wicked,2024,https://boxd.it/8a9hJf,5,,,2024-12-25
2024-12-28,Transformers,2007,https://boxd.it/8bHEpJ,3,Yes,,2024-12-27
2024-12-31,Kill Bill: Vol. 1,2003,https://boxd.it/8eXKO5,4.5,,,2024-12-30
2025-01-09,Harry Potter and the Order of the Phoenix,2007,https://boxd.it/8nYSHf,5,Yes,,2025-01-09
2025-01-16,Harry Potter and the Half-Blood Prince,2009,https://boxd.it/8uhmrh,4.5,Yes,,2025-01-15
2025-01-16,Harry Potter and the Deathly Hallows: Part 1,2010,https://boxd.it/8uhmP9,4,Yes,,2025-01-15
2025-01-17,Harry Potter and the Deathly Hallows: Part 2,2011,https://boxd.it/8vlN9B,5,Yes,,2025-01-16
2025-01-20,Collateral,2004,https://boxd.it/8xuiPd,3.5,,,2025-01-19
2025-02-20,Paddington in Peru,2024,https://boxd.it/8TfISb,3.5,,,2025-02-18
2025-02-21,Adaptation.,2002,https://boxd.it/8UaocN,5,,,2025-02-21
2025-02-25,Saturday Night,2024,https://boxd.it/8WTQqV,3.5,,,2025-02-24
2025-03-08,The Lord of the Rings: The Fellowship of the Ring,2001,https://boxd.it/939q1B,4,,,2025-03-07
2025-03-16,The Lord of the Rings: The Two Towers,2002,https://boxd.it/98Edlb,4,,,2025-03-15
2025-03-16,The Lord of the Rings: The Return of the King,2003,https://boxd.it/98EdI5,4,,,2025-03-15
2025-04-01,Why Him?,2016,https://boxd.it/9i09PL,4.5,,,2025-03-31
2025-04-06,The Princess Bride,1987,https://boxd.it/9kGuN9,5,Yes,,2025-04-06
2025-04-16,Tetris,2023,https://boxd.it/9pW3BH,3.5,,,2025-04-15
2025-04-22,Horton Hears a Who!,2008,https://boxd.it/9tKv1z,4,Yes,,2025-04-21
2025-04-23,Diary of a Wimpy Kid: Rodrick Rules,2011,https://boxd.it/9usPWt,3.5,,,2025-04-22
2025-04-25,Anomalisa,2015,https://boxd.it/9vyBDj,4.5,,,2025-04-24
2025-04-27,Magnolia,1999,https://boxd.it/9x8C3x,4.5,,,2025-04-27
2025-04-27,Star Wars: Episode III – Revenge of the Sith,2005,https://boxd.it/9xarjX,5,Yes,,2025-04-27
2025-05-02,Sinners,2025,https://boxd.it/9zRFvn,3,,,2025-05-01
2025-05-04,The Tree of Life,2011,https://boxd.it/9B5j47,5,,,2025-05-03
2025-05-07,Les Misérables,2012,https://boxd.it/9CUB5X,5,Yes,,2025-05-06
2025-05-07,The Game,1997,https://boxd.it/9D2a1Z,4,,,2025-05-06
2025-05-26,Watchmen,2009,https://boxd.it/9O3RoN,3.5,Yes,,2025-05-21
2025-05-26,Friendship,2024,https://boxd.it/9O2JuB,4,,,2025-05-25
2025-06-04,The Secret Life of Walter Mitty,2013,https://boxd.it/9TNiZ7,4,,,2025-06-04
2025-06-08,Mission: Impossible – The Final Reckoning,2025,https://boxd.it/9W8OFj,3,,,2025-06-08
2025-07-06,Casablanca,1942,https://boxd.it/aesPGT,4,,,2025-07-06
2025-07-14,Superman,2025,https://boxd.it/ak5fFj,4,,,2025-07-13
2025-07-22,F1,2025,https://boxd.it/aq5FZ9,4,,,2025-07-21
2025-07-29,Happy Gilmore 2,2025,https://boxd.it/avUTTh,1.5,,,2025-07-28
